date,vendor,amount
2025-01-04,Vendor-05,10700.25
2025-01-05,Vendor-07,4398.17
2025-01-07,Vendor-02,15202.62
2025-01-09,Vendor-17,99975.58
2025-01-12,Vendor-17,25010.58
2025-01-13,Vendor-20,13227.06
2025-01-14,Vendor-04,26934.4
2025-01-15,Vendor-19,7118.09
2025-01-15,Vendor-14,18641.56
2025-01-15,Vendor-03,28623.87
2025-01-17,Vendor-11,32795.36
2025-01-20,Vendor-02,29487.22
2025-01-21,Vendor-18,23823.66
2025-01-23,Vendor-12,55341.7
2025-01-24,Vendor-05,7262.25
2025-01-24,Vendor-03,32009.59
2025-01-24,Vendor-18,821923.31
2025-01-27,Vendor-02,37542.37
2025-01-28,Vendor-10,8924.83
2025-01-29,Vendor-07,90756.2
2025-01-29,Vendor-04,16192.08
2025-02-07,Vendor-13,2057.4
2025-02-10,Vendor-05,13825.29
2025-02-11,Vendor-10,32236.78
2025-02-13,Vendor-06,13263.81
2025-02-13,Vendor-17,22422.52
2025-02-15,Vendor-07,49602.02
2025-02-18,Vendor-10,4687.11
2025-02-20,Vendor-19,7108.81
2025-02-20,Vendor-11,3791.52
2025-02-21,Vendor-01,17260.89
2025-02-22,Vendor-14,17780.27
2025-02-22,Vendor-07,49269.73
2025-02-23,Vendor-02,4915.05
2025-02-23,Vendor-06,153655.61
2025-02-24,Vendor-03,6872.96
2025-02-25,Vendor-07,12427.32
2025-02-26,Vendor-20,27594.02
2025-02-27,Vendor-03,9037.57
2025-02-27,Vendor-10,56677.33
2025-02-28,Vendor-08,15712.0
2025-02-28,Vendor-06,2786.22
2025-03-02,Vendor-19,5502.62
2025-03-02,Vendor-03,15181.11
2025-03-02,Vendor-02,15980.45
2025-03-03,Vendor-18,20870.22
2025-03-03,Vendor-07,49727.39
2025-03-04,Vendor-10,9687.5
2025-03-07,Vendor-12,11910.44
2025-03-09,Vendor-07,48732.45
2025-03-09,Vendor-09,10703.67
2025-03-10,Vendor-20,7219.68
2025-03-11,Vendor-15,44342.46
2025-03-15,Vendor-12,25454.84
2025-03-15,Vendor-16,16118.31
2025-03-17,Vendor-19,3375.42
2025-03-17,Vendor-11,7055.76
2025-03-19,Vendor-17,9524.18
2025-03-20,Vendor-15,5378.52
2025-03-20,Vendor-16,12535.67
2025-03-22,Vendor-07,8471.05
2025-03-23,Vendor-12,49082.62
2025-03-23,Vendor-20,15388.44
2025-03-24,Vendor-17,1248.94
2025-03-25,Vendor-04,9642.85
2025-03-26,Vendor-11,19050.13
2025-03-26,Vendor-16,20253.42
2025-03-29,Vendor-07,48799.88
2025-03-31,Vendor-09,36247.21
2025-03-31,Vendor-20,23000.24
2025-03-31,Vendor-05,34005.98
2025-03-31,Vendor-14,12997.78
2025-04-01,Vendor-06,26806.99
2025-04-02,Vendor-02,94068.17
2025-04-03,Vendor-12,36674.93
2025-04-07,Vendor-11,14995.49
2025-04-07,Vendor-17,17100.58
2025-04-08,Vendor-19,11672.72
2025-04-08,Vendor-07,4997.86
2025-04-09,Vendor-05,8364.43
2025-04-13,Vendor-08,3948.49
2025-04-13,Vendor-04,16657.84
2025-04-13,Vendor-19,539218.46
2025-04-13,Vendor-15,33366.28
2025-04-16,Vendor-09,17189.42
2025-04-16,Vendor-19,12478.43
2025-04-16,Vendor-07,48992.02
2025-04-17,Vendor-05,22372.93
2025-04-17,Vendor-06,22373.24
2025-04-19,Vendor-11,42403.04
2025-04-22,Vendor-10,12281.27
2025-04-22,Vendor-20,18585.67
2025-04-23,Vendor-19,3925.94
2025-04-25,Vendor-11,31593.41
2025-04-25,Vendor-14,6324.94
2025-04-26,Vendor-07,5573.29
2025-04-27,Vendor-09,116705.57
2025-05-01,Vendor-04,11259.15
2025-05-01,Vendor-03,9420.04
2025-05-05,Vendor-14,19545.4
2025-05-06,Vendor-02,53685.48
2025-05-08,Vendor-08,12021.11
2025-05-08,Vendor-11,24368.63
2025-05-09,Vendor-17,26455.74
2025-05-10,Vendor-02,30535.96
2025-05-10,Vendor-11,81777.87
2025-05-17,Vendor-19,22787.31
2025-05-22,Vendor-07,49799.38
2025-05-23,Vendor-14,25597.89
2025-05-25,Vendor-03,10878.16
2025-05-25,Vendor-17,4304.93
2025-05-27,Vendor-19,87242.68
2025-05-27,Vendor-20,7858.58
2025-05-30,Vendor-16,14340.76
2025-05-31,Vendor-09,38857.04
2025-06-02,Vendor-09,20261.23
2025-06-02,Vendor-16,66448.87
2025-06-03,Vendor-03,10227.83
2025-06-05,Vendor-08,41601.08
2025-06-06,Vendor-20,325398.31
2025-06-06,Vendor-13,32680.26
2025-06-08,Vendor-20,510737.85
2025-06-11,Vendor-20,567847.4
2025-06-13,Vendor-06,6727.8
2025-06-16,Vendor-04,33772.57
2025-06-17,Vendor-01,15006.7
2025-06-18,Vendor-02,28859.19
2025-06-19,Vendor-11,15171.83
2025-06-20,Vendor-16,2311.06
2025-06-23,Vendor-14,31315.18
2025-06-25,Vendor-15,33847.63
2025-06-26,Vendor-05,8009.65
2025-06-26,Vendor-16,7572.25
2025-06-26,Vendor-11,8557.13
2025-06-28,Vendor-17,1623.88
2025-06-28,Vendor-03,16550.28
2025-06-29,Vendor-16,13817.98
2025-06-29,Vendor-19,19678.04
2025-07-01,Vendor-07,6571.81
2025-07-02,Vendor-13,22051.39
2025-07-03,Vendor-02,66680.51
2025-07-05,Vendor-10,22647.83
2025-07-07,Vendor-03,34237.74
2025-07-08,Vendor-18,821349.83
2025-07-08,Vendor-03,14437.33
2025-07-09,Vendor-09,43054.63
2025-07-10,Vendor-11,40252.16
2025-07-11,Vendor-15,2372.09
2025-07-12,Vendor-19,12107.01
2025-07-12,Vendor-15,34543.73
2025-07-12,Vendor-15,37213.78
2025-07-13,Vendor-19,15590.91
2025-07-14,Vendor-07,48674.95
2025-07-15,Vendor-15,8233.65
2025-07-16,Vendor-09,1789.8
2025-07-17,Vendor-13,25705.69
2025-07-17,Vendor-03,31931.32
2025-07-19,Vendor-03,40382.87
2025-07-20,Vendor-11,14753.81
2025-07-21,Vendor-03,2381.74
2025-07-21,Vendor-03,45314.4
2025-07-22,Vendor-14,5688.89
2025-07-24,Vendor-20,12788.49
2025-07-24,Vendor-14,13749.93
2025-07-24,Vendor-05,37401.58
2025-07-27,Vendor-03,3462.9
2025-07-30,Vendor-04,12164.3
2025-07-30,Vendor-19,26622.79
2025-07-31,Vendor-06,7844.2
2025-08-01,Vendor-18,329052.9
2025-08-02,Vendor-02,3643.36
2025-08-03,Vendor-01,6787.23
2025-08-05,Vendor-20,2052.11
2025-08-07,Vendor-10,61359.51
2025-08-10,Vendor-10,7898.96
2025-08-10,Vendor-17,21317.92
2025-08-15,Vendor-07,48929.25
2025-08-15,Vendor-13,31425.69
2025-08-19,Vendor-10,27505.73
2025-08-21,Vendor-20,30358.34
2025-08-21,Vendor-20,18969.24
2025-08-22,Vendor-10,178531.83
2025-08-22,Vendor-17,27083.94
2025-08-23,Vendor-19,2678.84
2025-08-25,Vendor-02,3000.09
2025-08-25,Vendor-13,35036.3
2025-08-25,Vendor-17,104196.97
2025-08-27,Vendor-14,57338.35
2025-08-31,Vendor-18,21886.72
2025-09-01,Vendor-06,10358.35
2025-09-05,Vendor-04,63676.21
2025-09-11,Vendor-06,23135.07
2025-09-14,Vendor-07,49529.86
2025-09-14,Vendor-17,8408.78
2025-09-17,Vendor-08,5682.6
2025-09-18,Vendor-20,21353.82
2025-09-19,Vendor-16,4070.59
2025-09-19,Vendor-03,25323.27
2025-09-19,Vendor-07,49619.91
2025-09-20,Vendor-20,41777.76
2025-09-23,Vendor-12,25515.97
2025-09-24,Vendor-14,12294.18
2025-09-24,Vendor-16,7478.32
2025-09-24,Vendor-14,18227.99
2025-09-29,Vendor-07,48883.58
2025-10-03,Vendor-12,11245.02
2025-10-04,Vendor-12,10442.37
2025-10-04,Vendor-05,65046.9
2025-10-04,Vendor-17,38027.15
2025-10-05,Vendor-19,18186.37
2025-10-05,Vendor-15,8096.61
2025-10-05,Vendor-17,108629.02
2025-10-06,Vendor-17,4889.34
2025-10-06,Vendor-04,19685.88
2025-10-08,Vendor-07,6450.95
2025-10-08,Vendor-19,29703.11
2025-10-08,Vendor-01,41506.04
2025-10-09,Vendor-05,6025.92
2025-10-10,Vendor-03,23876.37
2025-10-12,Vendor-03,6440.64
2025-10-12,Vendor-14,34219.99
2025-10-13,Vendor-19,12666.42
2025-10-13,Vendor-11,7561.71
2025-10-14,Vendor-05,13286.91
2025-10-15,Vendor-19,15996.15
2025-10-15,Vendor-06,8502.33
2025-10-18,Vendor-13,80759.1
2025-10-19,Vendor-12,13912.27
2025-10-20,Vendor-04,14329.67
2025-10-21,Vendor-10,3615.11
2025-10-22,Vendor-05,35766.28
2025-10-23,Vendor-15,17717.72
2025-10-23,Vendor-04,4655.82
2025-10-25,Vendor-18,17103.22
2025-10-26,Vendor-15,29757.04
2025-10-27,Vendor-12,61426.89
2025-10-27,Vendor-01,46696.68
2025-10-28,Vendor-01,16642.96
2025-10-28,Vendor-16,8868.12
2025-10-30,Vendor-18,16507.43
2025-10-31,Vendor-07,158974.73
2025-11-04,Vendor-03,7931.6
2025-11-07,Vendor-09,7090.82
2025-11-08,Vendor-20,3279.27
2025-11-10,Vendor-16,14890.91
2025-11-11,Vendor-04,3877.87
2025-11-12,Vendor-05,3149.42
2025-11-12,Vendor-13,55530.05
2025-11-13,Vendor-04,5674.6
2025-11-14,Vendor-09,26898.26
2025-11-14,Vendor-06,15440.67
2025-11-15,Vendor-06,8048.3
2025-11-16,Vendor-17,13419.86
2025-11-16,Vendor-15,24637.51
2025-11-16,Vendor-08,7095.74
2025-11-19,Vendor-20,76736.41
2025-11-19,Vendor-18,15597.42
2025-11-20,Vendor-01,12997.05
2025-11-21,Vendor-15,3088.36
2025-11-24,Vendor-04,13356.89
2025-11-25,Vendor-17,18196.32
2025-11-28,Vendor-17,44101.91
2025-11-29,Vendor-02,17552.34
2025-11-29,Vendor-08,23212.71
2025-11-29,Vendor-07,49768.13
2025-12-02,Vendor-15,24195.52
2025-12-07,Vendor-01,16753.63
2025-12-12,Vendor-15,7172.97
2025-12-13,Vendor-07,49734.44
2025-12-13,Vendor-12,20752.75
2025-12-14,Vendor-14,17585.86
2025-12-14,Vendor-16,67049.61
2025-12-15,Vendor-11,26513.21
2025-12-15,Vendor-11,13449.73
2025-12-15,Vendor-18,31887.24
2025-12-19,Vendor-07,48645.57
2025-12-20,Vendor-17,18847.86
2025-12-20,Vendor-08,4189.1
2025-12-20,Vendor-16,6584.55
2025-12-20,Vendor-18,55427.2
2025-12-21,Vendor-10,15318.6
2025-12-22,Vendor-11,22248.52
2025-12-23,Vendor-02,40469.07
2025-12-27,Vendor-08,9135.77
2025-12-27,Vendor-19,27356.22
2025-12-27,Vendor-02,24318.5
2025-12-28,Vendor-02,12479.94
2025-12-29,Vendor-05,21615.73
2025-12-31,Vendor-07,13124.94
2026-01-02,Vendor-18,8088.59
2026-01-05,Vendor-02,53604.81
2026-01-06,Vendor-16,2230.11
2026-01-06,Vendor-03,23129.07
2026-01-08,Vendor-16,9467.68
2026-01-10,Vendor-10,23880.0
2026-01-11,Vendor-07,49087.04
2026-01-13,Vendor-12,49010.82
2026-01-18,Vendor-01,3369.32
2026-01-20,Vendor-14,10001.62
2026-01-23,Vendor-18,10305.45
2026-01-26,Vendor-05,15019.92
2026-01-27,Vendor-07,49347.13
2026-01-28,Vendor-01,113778.3
2026-01-29,Vendor-07,48855.63
2026-02-01,Vendor-15,60699.43
2026-02-05,Vendor-16,36478.8
2026-02-06,Vendor-02,24650.26
2026-02-06,Vendor-12,24546.09
2026-02-07,Vendor-19,22928.8
2026-02-08,Vendor-13,24613.85
2026-02-09,Vendor-03,16890.64
2026-02-10,Vendor-02,61170.82
2026-02-11,Vendor-03,74250.0
2026-02-11,Vendor-11,73598.01
2026-02-11,Vendor-03,74250.0
2026-02-15,Vendor-16,47417.34
2026-02-19,Vendor-19,38190.96
2026-02-22,Vendor-10,3464.46
2026-02-22,Vendor-06,112385.82
2026-02-25,Vendor-16,90758.93
2026-02-26,Vendor-03,11695.2
2026-02-27,Vendor-14,24545.2
2026-02-27,Vendor-11,6242.74
2026-02-27,Vendor-13,17801.53
2026-02-28,Vendor-09,27777.65
2026-02-28,Vendor-10,92715.97
2026-03-01,Vendor-18,2086.6
2026-03-01,Vendor-04,52421.89
2026-03-03,Vendor-09,23503.47
2026-03-04,Vendor-19,4417.21
2026-03-05,Vendor-19,17805.29
2026-03-05,Vendor-12,7183.67
2026-03-09,Vendor-19,186471.44
2026-03-09,Vendor-14,314611.98
2026-03-09,Vendor-01,69332.15
2026-03-12,Vendor-05,47804.99
2026-03-12,Vendor-12,22709.37
2026-03-13,Vendor-14,18527.73
2026-03-14,Vendor-07,11036.7
2026-03-19,Vendor-05,40776.79
2026-03-21,Vendor-13,29294.22
2026-03-21,Vendor-13,9989.32
2026-03-21,Vendor-08,8709.66
2026-03-23,Vendor-04,32847.16
2026-03-23,Vendor-17,13611.79
2026-03-23,Vendor-16,21267.18
2026-03-26,Vendor-13,6665.9
2026-03-26,Vendor-18,3945.4
2026-04-02,Vendor-13,7437.65
2026-04-03,Vendor-01,4764.53
2026-04-03,Vendor-07,26941.32
2026-04-03,Vendor-15,114181.38
2026-04-05,Vendor-17,4205.02
2026-04-05,Vendor-18,571940.81
2026-04-05,Vendor-01,18477.81
2026-04-06,Vendor-13,23994.68
2026-04-06,Vendor-09,10149.43
2026-04-09,Vendor-10,12881.95
2026-04-11,Vendor-13,28646.74
2026-04-15,Vendor-14,5874.3
2026-04-15,Vendor-15,59084.42
2026-04-16,Vendor-12,15840.48
2026-04-17,Vendor-18,17078.18
2026-04-18,Vendor-12,118900.0
2026-04-18,Vendor-12,118900.0
2026-04-20,Vendor-07,49152.3
2026-04-20,Vendor-06,32766.23
2026-04-21,Vendor-15,13911.95
2026-04-22,Vendor-06,65652.19
2026-04-22,Vendor-18,13506.56
2026-04-23,Vendor-20,9197.06
2026-04-29,Vendor-18,13935.57
2026-04-29,Vendor-15,26272.99
2026-04-29,Vendor-20,16725.64
2026-04-30,Vendor-03,65383.17
2026-05-01,Vendor-09,13221.76
2026-05-03,Vendor-16,6608.27
2026-05-04,Vendor-03,18510.7
2026-05-04,Vendor-11,5872.89
2026-05-05,Vendor-11,77977.09
2026-05-06,Vendor-08,18186.47
2026-05-08,Vendor-20,8413.44
2026-05-08,Vendor-04,10232.23
2026-05-09,Vendor-19,15996.88
2026-05-11,Vendor-17,6523.23
2026-05-12,Vendor-06,4689.88
2026-05-12,Vendor-09,22002.22
2026-05-13,Vendor-15,50572.26
2026-05-14,Vendor-13,20791.48
2026-05-14,Vendor-01,22494.51
2026-05-15,Vendor-02,14746.26
2026-05-16,Vendor-18,5990.86
2026-05-17,Vendor-20,47034.06
2026-05-18,Vendor-02,15489.1
2026-05-18,Vendor-11,11083.72
2026-05-19,Vendor-01,21012.89
2026-05-22,Vendor-14,14428.23
2026-05-23,Vendor-08,40287.38
2026-05-23,Vendor-09,35017.33
2026-05-24,Vendor-20,31947.55
2026-05-29,Vendor-15,3149.05
2026-05-29,Vendor-17,27044.19
2026-05-29,Vendor-02,59894.08
2026-05-31,Vendor-12,21115.94
2026-05-31,Vendor-17,49679.32
2026-05-31,Vendor-12,19406.94
2026-06-04,Vendor-13,11266.6
2026-06-05,Vendor-07,48760.26
2026-06-07,Vendor-03,56320.0
2026-06-07,Vendor-03,56320.0
2026-06-09,Vendor-01,24291.71
2026-06-09,Vendor-13,24965.15
2026-06-11,Vendor-09,19413.23
2026-06-12,Vendor-03,29495.47
2026-06-13,Vendor-11,48704.23
2026-06-14,Vendor-03,24461.1
2026-06-15,Vendor-04,23017.51
2026-06-15,Vendor-01,7517.53
2026-06-16,Vendor-06,36675.07
2026-06-16,Vendor-17,7716.51
2026-06-20,Vendor-04,25416.82
2026-06-21,Vendor-04,15152.45
2026-06-24,Vendor-01,5842.09
2026-06-24,Vendor-07,49099.67
2026-06-27,Vendor-11,35907.9
2026-06-29,Vendor-17,59915.74
2026-06-30,Vendor-01,13653.51
2026-06-30,Vendor-13,6357.65
2026-07-01,Vendor-03,7990.0
2026-07-02,Vendor-12,11132.42
2026-07-02,Vendor-07,102912.57
2026-07-06,Vendor-11,26386.2
2026-07-12,Vendor-01,18507.89
2026-07-20,Vendor-13,48441.33
2026-07-21,Vendor-10,11912.21
2026-07-22,Vendor-15,91240.0
2026-07-22,Vendor-15,91240.0
2026-07-23,Vendor-03,6795.0
2026-07-23,Vendor-18,28516.17
2026-07-24,Vendor-08,18102.99
2026-07-24,Vendor-01,6455.2
2026-07-25,Vendor-06,3605.05
2026-07-26,Vendor-19,23120.07
2026-07-27,Vendor-17,12086.51
2026-07-29,Vendor-11,29212.68
2026-07-30,Vendor-03,94956.06
2026-08-01,Vendor-09,21604.23
2026-08-01,Vendor-18,13307.46
2026-08-03,Vendor-14,12498.76
2026-08-08,Vendor-15,89749.58
2026-08-09,Vendor-15,6858.25
2026-08-12,Vendor-20,25034.38
2026-08-14,Vendor-16,8553.47
2026-08-15,Vendor-10,11583.67
2026-08-15,Vendor-10,19159.81
2026-08-15,Vendor-04,10633.24
2026-08-20,Vendor-14,13303.49
2026-08-21,Vendor-10,19005.32
2026-08-21,Vendor-05,22600.41
2026-08-22,Vendor-15,22245.07
2026-08-22,Vendor-14,4407.21
2026-08-22,Vendor-03,8057.1
2026-08-23,Vendor-12,13773.97
2026-08-24,Vendor-07,49865.23
2026-08-28,Vendor-10,11436.5
2026-08-31,Vendor-01,85325.01
2026-09-01,Vendor-13,4680.46
2026-09-01,Vendor-07,49038.32
2026-09-02,Vendor-02,16400.2
2026-09-04,Vendor-03,46276.21
2026-09-05,Vendor-16,11136.91
2026-09-06,Vendor-17,76724.04
2026-09-07,Vendor-01,10911.3
2026-09-10,Vendor-17,13633.99
2026-09-11,Vendor-13,30325.13
2026-09-11,Vendor-15,22517.22
2026-09-11,Vendor-17,38726.68
2026-09-12,Vendor-09,46891.58
2026-09-13,Vendor-05,9140.99
2026-09-13,Vendor-02,7266.45
2026-09-15,Vendor-17,50039.64
2026-09-15,Vendor-03,24930.74
2026-09-19,Vendor-17,16931.73
2026-09-19,Vendor-07,49565.94
2026-09-21,Vendor-07,49735.3
2026-09-24,Vendor-19,8901.3
2026-09-25,Vendor-20,25730.16
2026-09-26,Vendor-07,4859.97
2026-09-26,Vendor-16,18730.68
2026-09-28,Vendor-17,22522.26
2026-09-29,Vendor-20,73381.08
